,Well_Name,allprodmaxindex,allprodcum,allprodquarter,allprodhalf,allprodthreequarter,halfwaydays,threequarterdays,halfdaysdate,Cumsum_OilProd_Norm,Cumsum_OilProd_ERU
0,11-25 Barker,12189,11139.0,153.0,476.0,798.0,323.0,322.0,2014,11139.0,0.0
1,12-35H SBRRU,91188,642380.2413793105,778.0,1942.0,2977.0,1164.0,1035.0,2012,0.0,642380.2413793105
2,14-16H State,91321,64321.89655172403,517.0,1153.0,2034.0,636.0,881.0,2015,0.0,64321.89655172403
3,14-28 Clarkson Federal,82960,68208.0,1940.0,3494.0,5226.0,1554.0,1732.0,1994,58377.0,9831.0
4,2-1H Tecton Federal,117169,8534.275862068966,48.0,107.0,232.0,59.0,125.0,2009,8534.275862068966,0.0
6,3-27H Clarkson,102820,96336.24137931055,753.0,1464.0,2287.0,711.0,823.0,2015,0.0,96336.24137931055
7,3-30 State,113925,11195.517241379308,172.0,414.0,748.0,242.0,334.0,2009,11195.517241379308,0.0
8,33-20 Ferkingstad,26393,619344.4137931014,574.0,1471.0,4447.0,897.0,2976.0,1977,619344.4137931014,0.0
9,43-29A Brown,80663,151263.0,1120.0,2297.0,3539.0,1177.0,1242.0,1997,148580.0,2683.0
10,43-29A-H Brown,80854,306598.0,938.0,1828.0,2823.0,890.0,995.0,2010,0.0,306598.0
11,8-27H Clarkson,103148,115189.17241379335,362.0,858.0,1584.0,496.0,726.0,2012,0.0,115189.17241379335
13,Abrahamson I-21H,114193,523950.9655172415,697.0,2081.0,2764.0,1384.0,683.0,2013,145328.89655172412,378622.0689655173
14,Abraxas 1-827 Federal,76795,192217.44827586206,1271.0,2633.0,4128.0,1362.0,1495.0,1991,192217.44827586206,0.0
15,Abraxas 30-44 Stearns,86550,223628.3103448274,1774.0,4247.0,7252.0,2473.0,3005.0,1997,223628.3103448274,0.0
16,Acton 11-22,120933,18405.1724137931,122.0,304.0,487.0,182.0,183.0,2011,18405.1724137931,0.0
17,Aldrin 24-25H,124479,26356.0,353.0,700.0,1235.0,347.0,535.0,2017,26356.0,0.0
18,Alpar 1-12 Clarkson,42069,53587.0,389.0,951.0,1652.0,562.0,701.0,1981,53587.0,0.0
19,Alum Creek Federal 3-14,9267,103496.34482758614,871.0,1960.0,3841.0,1089.0,1881.0,2007,0.0,103496.34482758614
20,Alum Creek Unit 3-10,8599,603125.5862068958,1422.0,3360.0,4733.0,1938.0,1373.0,1991,82379.3103448276,520746.275862069
21,Alum Creek Unit 3-11,6693,98238.0,1264.0,2353.0,3723.0,1089.0,1370.0,2010,0.0,98238.0
22,Alum Creek Unit 3-15,7968,460456.10344827536,1362.0,2539.0,4333.0,1177.0,1794.0,1988,48176.58620689656,412279.5172413787
23,Alum Creek Unit 3-16,8131,78832.06896551722,355.0,828.0,1585.0,473.0,757.0,1984,25967.96551724138,52864.10344827584
24,Alum Creek Unit 3-7,8986,673422.2758620693,1031.0,2368.0,3544.0,1337.0,1176.0,1988,80286.51724137932,593135.75862069
25,Alum Creek Unit 3-8,7685,1010829.1724137935,1089.0,1968.0,2630.0,879.0,662.0,1987,124204.03448275862,886625.1379310351
26,Alum Creek Unit 3-9,7168,236940.24137931032,767.0,2152.0,4229.0,1385.0,2077.0,1987,55354.551724137935,181585.68965517238
27,Apache 12-22H WBBRRU,104088,341555.5862068945,1473.0,3473.0,5862.0,2000.0,2389.0,2004,0.0,341555.5862068945
28,Apache 13-22 Clarkson,88963,496640.96551723895,2588.0,4630.0,7577.0,2042.0,2947.0,1997,49512.0,447128.96551723895
29,Apache 27-2 Clarkson,63013,589882.3103448251,2916.0,6705.0,10257.0,3789.0,3552.0,1999,128751.0,461131.31034482515
30,Apache 3-27 Clarkson,102706,137065.41379310365,843.0,2168.0,3957.0,1325.0,1789.0,1999,0.0,137065.41379310365
31,Apache 6-21 Clarkson,90699,40214.0,414.0,1231.0,2051.0,817.0,820.0,1988,13129.0,27085.0
32,Apache 8-27 Clarkson,103019,129965.75862068997,623.0,1401.0,2795.0,778.0,1394.0,1997,0.0,129965.75862068997
33,Apache 9-21 Clarkson,90602,375991.48275861825,2336.0,5000.0,8539.0,2664.0,3539.0,1999,42906.0,333085.48275861825
34,BOG 1-3 Davis Federal,102129,33987.931034482724,617.0,1566.0,3339.0,949.0,1773.0,1998,33987.931034482724,0.0
35,BOG 1-4 Davis Federal,103417,46120.517241379326,815.0,2058.0,3905.0,1243.0,1847.0,2001,46120.517241379326,0.0
36,BOG 1-9 Davis Federal,103723,36250.172413793116,622.0,1600.0,3347.0,978.0,1747.0,2000,36250.172413793116,0.0
37,BOG 2-16 State,109906,12145.689655172413,605.0,1379.0,2954.0,774.0,1575.0,2005,12145.689655172413,0.0
38,BOG 2-3 Federal,113803,1757.5862068965516,273.0,665.0,946.0,392.0,281.0,2011,1757.5862068965516,0.0
39,BOG 2-32 Federal,110151,23236.724137931025,816.0,2066.0,3678.0,1250.0,1612.0,2006,23236.724137931025,0.0
40,BOG 2-33 Davis Federal,77092,18802.93103448277,505.0,1294.0,2525.0,789.0,1231.0,1998,18802.93103448277,0.0
41,BOG 2-4 Davis Federal,102448,34028.27586206897,606.0,1583.0,3575.0,977.0,1992.0,1999,34028.27586206897,0.0
42,BOG 2-9 Federal,104938,29995.689655172384,649.0,1570.0,3141.0,921.0,1571.0,2000,29995.689655172384,0.0
43,BRRU 12-15,63325,574838.3448275863,3485.0,5120.0,6521.0,1635.0,1401.0,1995,0.0,574838.3448275863
44,BRRU 12-15H,63481,117780.27586206897,526.0,1297.0,2286.0,771.0,989.0,2011,0.0,117780.27586206897
45,BRRU 12-17H,19849,744529.2068965517,955.0,1890.0,2846.0,935.0,956.0,2012,0.0,744529.2068965517
46,BRRU 12-18H,46878,543373.2413793103,717.0,1799.0,2645.0,1082.0,846.0,2012,0.0,543373.2413793103
51,BRRU 31-8H,106922,977856.8620689654,2195.0,4150.0,5966.0,1955.0,1816.0,2009,0.0,977856.8620689654
52,BRRU 32-20H,63989,374141.3793103448,517.0,969.0,1890.0,452.0,921.0,2013,0.0,374141.3793103448
53,BRRU 34-19H,73558,261085.93103448278,319.0,700.0,1067.0,381.0,367.0,2008,0.0,261085.93103448278
55,BRRU 34-7H,72799,154582.3103448276,276.0,594.0,910.0,318.0,316.0,2008,0.0,154582.3103448276
56,BRRU 34-8H,56545,275175.99999999994,1092.0,1979.0,2853.0,887.0,874.0,2012,0.0,275175.99999999994
57,BRRU 34-9 (Discovery Well),20426,647526.5862068962,7778.0,10833.0,12415.0,3055.0,1582.0,1990,135177.79310344817,512348.79310344823
58,BRRU 44-18H,116524,451504.5862068965,722.0,1226.0,1959.0,504.0,733.0,2015,0.0,451504.5862068965
59,BRRU State 14-9,21316,927054.206896552,1207.0,2268.0,3227.0,1061.0,959.0,2012,0.0,927054.206896552
60,Balcron 21-5 Nautilus Federal,12037,72728.72413793104,165.0,407.0,1027.0,242.0,620.0,1992,28416.06896551724,44312.6551724138
62,Berry 2-35 State,106455,1990.344827586207,59.0,269.0,469.0,210.0,200.0,2010,1990.344827586207,0.0
65,Bowers 1-5 BCJ Johnson,79185,35878.275862068964,812.0,1977.0,3889.0,1165.0,1912.0,1995,35878.275862068964,0.0
66,Bowers 2-30 BH Holcomb,79631,18076.551724137917,759.0,2425.0,6569.0,1666.0,4144.0,1992,18076.551724137917,0.0
67,Bowers 2-5 BCJ Johnson,81232,51821.379310344826,837.0,2001.0,4006.0,1164.0,2005.0,1995,51821.379310344826,0.0
68,Bowers 4-32 BH Holcomb,81670,23185.172413793094,518.0,1213.0,2595.0,695.0,1382.0,1988,23185.172413793094,0.0
69,Brown E-29H,113046,277579.20689655165,719.0,1962.0,3548.0,1243.0,1586.0,2011,0.0,277579.20689655165
70,Buckley D-32H,122479,142945.65517241383,405.0,1030.0,1977.0,625.0,947.0,2014,142945.65517241383,0.0
71,CBRRU 14-31NH,123840,153423.0,1083.0,1835.0,2187.0,752.0,352.0,2018,0.0,153423.0
72,CBRRU 24-31NH,121490,76600.0,276.0,535.0,1066.0,259.0,531.0,2013,0.0,76600.0
73,CBRRU 34-31H,113648,649720.0,1124.0,2197.0,3697.0,1073.0,1500.0,2012,0.0,649720.0
76,CRI 1-14H Graves,111845,129810.86206896552,891.0,2189.0,3744.0,1298.0,1555.0,2009,129810.86206896552,0.0
77,CRI 12-22H BRRU,109455,984629.0344827592,1699.0,3076.0,4828.0,1377.0,1752.0,2008,0.0,984629.0344827592
78,CRI 23-25H WBRRU,106580,79581.1379310345,325.0,572.0,915.0,247.0,343.0,1998,0.0,79581.1379310345
79,CRI 23-26H SBRRU,109028,260765.5862068966,729.0,1236.0,1908.0,507.0,672.0,2003,0.0,260765.5862068966
81,CRI 23-30H SBRRU,106629,55860.24137931036,325.0,601.0,947.0,276.0,346.0,1998,0.0,55860.24137931036
82,CRI 32-21H BRRU,110818,749784.0689655168,722.0,1636.0,2567.0,914.0,931.0,2005,0.0,749784.0689655168
83,CRI 32-4H SBRRU,110437,1467354.2413793097,2479.0,4064.0,5030.0,1585.0,966.0,2013,0.0,1467354.2413793097
84,CRI 41-27H SBRRU,107211,1080725.517241379,2071.0,3685.0,5920.0,1614.0,2235.0,2007,0.0,1080725.517241379
85,CRI 42-28H SBRRU,110679,561853.2413793108,1469.0,3150.0,4502.0,1681.0,1352.0,2010,0.0,561853.2413793108
86,CRI 44-22H BRRU,107500,352339.0344827586,2348.0,4852.0,6632.0,2504.0,1780.0,2010,0.0,352339.0344827586
87,Camel Creek N-15H,125415,133046.44827586206,539.0,1068.0,1572.0,529.0,504.0,2017,133046.44827586206,0.0
88,Cardinal Sun Clarkson 1 STATE,23736,18257.896551724138,306.0,785.0,1439.0,479.0,654.0,1962,18257.896551724138,0.0
89,Carla 1-35H,117019,42893.34482758619,304.0,689.0,1354.0,385.0,665.0,2016,33897.55172413793,8995.793103448275
91,Castle Rock D-11H,125338,146649.41379310345,315.0,793.0,1342.0,478.0,549.0,2016,146649.41379310345,0.0
92,Ceja 13-17 Benton,11577,94779.67896551725,1098.0,2858.0,5162.0,1760.0,2304.0,1995,94779.67896551725,0.0
93,Cenergy 41-26 Cenergy-Kirkwood State,89209,114295.24137931004,1477.0,3374.0,4565.0,1897.0,1191.0,1995,114295.24137931004,0.0
95,Cernan 24-10H,124568,72053.0,364.0,890.0,1540.0,526.0,650.0,2016,72053.0,0.0
97,Citation 1 North Hollingsworth,9629,363946.8275862067,808.0,1556.0,2259.0,748.0,703.0,1988,363946.8275862067,0.0
98,Citation 12-20 North Hollingsworth,10540,67587.82758620687,355.0,1031.0,1998.0,676.0,967.0,1988,67587.82758620687,0.0
99,Citation 13-20 North Hollingsworth,10067,28038.896551724138,241.0,444.0,712.0,203.0,268.0,1986,28038.896551724138,0.0
101,Citation 32-34 Pfister Federal,9844,22581.758620689656,732.0,1769.0,3067.0,1037.0,1298.0,1989,22581.758620689656,0.0
102,Citation 42-19 North Hollingsworth,10218,164969.89655172397,982.0,1999.0,2569.0,1017.0,570.0,1990,164969.89655172397,0.0
104,Citation 5-11 East Simms Federal,10011,208189.68965517255,274.0,741.0,1644.0,467.0,903.0,1986,208189.68965517255,0.0
105,Citation T12-5 East Simms Draw,10381,114738.00000000004,279.0,637.0,1420.0,358.0,783.0,1986,114738.00000000004,0.0
106,Clarkson 26-1H,58742,14273.24137931034,170.0,370.0,665.0,200.0,295.0,2013,0.0,14273.24137931034
108,Clarkson Ranch N-13H,125567,194280.86206896554,390.0,907.0,1621.0,517.0,714.0,2017,141775.0344827586,52505.827586206906
109,Clarkson Schlaikjer 1 Government,14591,85189.5172413793,575.0,1418.0,2578.0,843.0,1160.0,1963,85189.5172413793,0.0
110,Collins Federal 31-16H,125089,51805.0,311.0,745.0,1291.0,434.0,546.0,2017,51805.0,0.0
111,Conrad 24-11H,124391,129959.0,494.0,1164.0,1947.0,670.0,783.0,2016,129959.0,0.0
113,DEPCO 22-24 Travers,29492,52085.0,669.0,1664.0,2730.0,995.0,1066.0,1980,52085.0,0.0
114,Depco 42-27 Federal,25007,335402.4827586207,272.0,650.0,1315.0,378.0,665.0,1973,335402.4827586207,0.0
115,Dodgin 1 Coffing,2066,88205.23,242.0,1198.0,3914.0,956.0,2716.0,1967,88205.23,0.0
117,EHSRRU C-8H,112251,95817.551724138,317.0,1438.0,3196.0,1121.0,1758.0,2008,0.0,95817.551724138
118,EHSRRU F-6H,112051,1176135.8275862073,1171.0,2153.0,3447.0,982.0,1294.0,2009,0.0,1176135.8275862073
119,EHSRRU I-32H,116674,443304.44827586197,570.0,1014.0,1984.0,444.0,970.0,2011,0.0,443304.44827586197
121,EHSRRU N-5H,113876,28037.275862068967,45.0,135.0,254.0,90.0,119.0,2007,0.0,28037.275862068967
122,EHSRRU P-30,121289,142905.13793103452,580.0,1735.0,2513.0,1155.0,778.0,2015,0.0,142905.13793103452
125,Foust J-34H,120909,107643.13793103448,365.0,1439.0,2667.0,1074.0,1228.0,2014,84291.82758620687,23351.310344827583
126,Fowler 1-3H,116247,257174.82758620696,2825.0,3220.0,3729.0,395.0,509.0,2017,189145.93103448278,68028.89655172416
127,Fox 6-22,119924,20319.82758620689,107.0,289.0,472.0,182.0,183.0,2011,20319.82758620689,0.0
128,Fuller Canyon 1-9H Federal,84587,135825.0,363.0,1308.0,2723.0,945.0,1415.0,2009,135825.0,0.0
130,Gilbert 10-9,115351,54611.03448275864,164.0,337.0,610.0,173.0,273.0,2009,54611.03448275864,0.0
132,Gilbert 12-9,120172,3239.4827586206907,92.0,212.0,365.0,120.0,153.0,2011,3239.4827586206907,0.0
134,Gilbert 13-15,117870,86709.48275862067,225.0,499.0,833.0,274.0,334.0,2009,86709.48275862067,0.0
136,Gilbert 5-15,118021,24967.068965517246,146.0,318.0,561.0,172.0,243.0,2009,24967.068965517246,0.0
137,Gilbert 5-26,115657,29778.103448275873,172.0,376.0,711.0,204.0,335.0,2009,29778.103448275873,0.0
138,Gilbert 7-9,119014,16812.931034482757,211.0,364.0,636.0,153.0,272.0,2010,16812.931034482757,0.0
139,Gilbert State 3-16,115504,51449.482758620696,166.0,347.0,620.0,181.0,273.0,2009,51449.482758620696,0.0
140,Graves 12-13H,52542,231749.79310344838,755.0,1769.0,3001.0,1014.0,1232.0,2012,231749.79310344838,0.0
141,Graves 32-23 Clarkson WBRRU,15183,604224.75862069,3211.0,9290.0,13056.0,6079.0,3766.0,1988,299530.724137931,304694.03448275843
142,Graves 41-13H,122193,260997.0,543.0,1119.0,1967.0,576.0,848.0,2014,260997.0,0.0
143,Graves Federal 34-24H,101246,545705.4137931037,1667.0,2479.0,3386.0,812.0,907.0,2013,545705.4137931037,0.0
144,Gulf 1 State Cave Hills,29337,387206.0689655172,1131.0,3766.0,8291.0,2635.0,4525.0,1986,387206.0689655172,0.0
147,Harding 34-28-21H,123934,82638.82758620683,452.0,1012.0,1634.0,560.0,622.0,2016,82638.82758620683,0.0
148,Harper 14-16 State WBBRRU,91220,8792.0,115.0,354.0,625.0,239.0,271.0,1986,6372.0,2420.0
149,Harper 15-22 Olson,90170,48517.0,197.0,465.0,762.0,268.0,297.0,1986,37769.0,10748.0
151,Harrison 1-15 Leger,60030,62267.41379310344,639.0,1946.0,4417.0,1307.0,2471.0,1987,62267.41379310344,0.0
152,Harrison 1-20 Carver Heikkila,61468,51950.34482758621,1191.0,2596.0,4310.0,1405.0,1714.0,1989,51950.34482758621,0.0
153,Harrison 1-21 Homer Truman State,29902,39195.172413793116,731.0,2070.0,4288.0,1339.0,2218.0,1987,39195.172413793116,0.0
154,Harrison 1-22 Federal,54766,73076.55172413799,944.0,2407.0,5177.0,1463.0,2770.0,1988,73076.55172413799,0.0
155,Harrison 1-31 State,61643,7528.965517241376,399.0,1038.0,1950.0,639.0,912.0,1984,7528.965517241376,0.0
156,Harrison 1-6 State,60995,95937.58620689648,1461.0,2911.0,4787.0,1450.0,1876.0,1989,95937.58620689648,0.0
157,Harrison 1-7 Davis Holcomb,69213,80818.44827586215,1069.0,2418.0,4314.0,1349.0,1896.0,1988,80818.44827586215,0.0
159,Harrison 1-9 Beck,59561,33121.72413793103,367.0,1158.0,2956.0,791.0,1798.0,1984,33121.72413793103,0.0
160,Harrison 2-29 Federal,77550,50586.55172413795,974.0,2783.0,5612.0,1809.0,2829.0,1991,50586.55172413795,0.0
161,Harrison 2-9 Beck,62136,85263.7931034483,578.0,1670.0,4417.0,1092.0,2747.0,1986,85263.7931034483,0.0
162,Harrison 3-21 Homer Truman,60504,77449.82758620684,1189.0,2650.0,5210.0,1461.0,2560.0,1988,77449.82758620684,0.0
164,Heairet-Henderson 2-22,120679,1169.8275862068967,21.0,82.0,387.0,61.0,305.0,2010,1169.8275862068967,0.0
165,Heikkila 1-20,44941,194842.9310344826,718.0,2244.0,4609.0,1526.0,2365.0,1985,194842.9310344826,0.0
166,Heikkila 1-7,48252,177048.44827586212,568.0,1676.0,3630.0,1108.0,1954.0,1983,177048.44827586212,0.0
167,Helms 1 Coffing,2852,102786.03,786.0,1887.0,5394.0,1101.0,3507.0,1967,102786.03,0.0
168,Hilliard 2 Stearns,86633,32343.55172413794,291.0,740.0,1330.0,449.0,590.0,1986,32343.55172413794,0.0
170,Houston Oil and Minerals 12-12 State,42766,13916.55172413794,319.0,643.0,1145.0,324.0,502.0,1980,13916.55172413794,0.0
173,I-28H McKitrick,123352,183811.3448275861,370.0,855.0,1802.0,485.0,947.0,2015,183811.3448275861,0.0
174,Inland  1-33 Collins,74591,29857.758620689678,1007.0,2339.0,4184.0,1332.0,1845.0,1989,29857.758620689678,0.0
175,Inland 1-29 Federal,78757,50122.24137931038,714.0,1962.0,4072.0,1248.0,2110.0,1987,50122.24137931038,0.0
176,Inland 1-30 Holcomb State,55003,46107.41379310346,453.0,1030.0,2209.0,577.0,1179.0,1983,46107.41379310346,0.0
177,Inland 1-30 Oleson Federal,92534,13647.241379310335,763.0,1966.0,4243.0,1203.0,2277.0,1998,13647.241379310335,0.0
178,Inland 1-32 Federal,92944,55488.275862068986,1013.0,2398.0,4144.0,1385.0,1746.0,1994,55488.275862068986,0.0
179,Inland 3-6 State,96014,112162.06896551725,3076.0,4409.0,6101.0,1333.0,1692.0,2001,112162.06896551725,0.0
180,Inland 3-7 Heikkila,96411,37336.20689655173,940.0,1833.0,3327.0,893.0,1494.0,1994,37336.20689655173,0.0
182,Investors 2 Brings The Horses,3457,94427.0,722.0,2255.0,3711.0,1533.0,1456.0,1989,94427.0,0.0
183,Janvrin A-29H,113445,107408.96551724139,156.0,426.0,761.0,270.0,335.0,2006,100082.41379310346,7326.551724137931
184,Janvrin I-32H,112632,227184.27586206913,784.0,3461.0,4311.0,2677.0,850.0,2014,104223.89655172414,122960.37931034477
185,Janvrin L-28H,114355,242093.10344827594,999.0,1693.0,2619.0,694.0,926.0,2012,21529.758620689652,220563.34482758635
188,Johnson C-9H,112831,435628.5517241378,1179.0,2824.0,4157.0,1645.0,1333.0,2013,141179.00000000003,294449.5517241378
189,Johnson I-9H,114673,224681.8965517242,484.0,2185.0,3145.0,1701.0,960.0,2013,70056.27586206897,154625.6206896551
190,Johnson N-4H,113696,86051.55172413796,136.0,378.0,735.0,242.0,357.0,2007,82470.10344827588,3581.448275862069
192,Joyce Miller 1-PH,99800,165079.8620689656,355.0,747.0,1199.0,392.0,452.0,2005,0.0,165079.8620689656
193,Kirkwood 11-25 Brown,57445,100512.51724137932,639.0,1324.0,2378.0,685.0,1054.0,1984,100512.51724137932,0.0
194,Kirkwood 11-25 Federal WBRRU,35236,136477.3793103448,304.0,910.0,1906.0,606.0,996.0,1980,134307.0,2170.3793103448274
195,Kirkwood 12-20 Arithson,64593,2517.0,72.0,141.0,285.0,69.0,144.0,1982,2517.0,0.0
196,Kirkwood 12-31 Federal WBRRU,50476,70100.5172413793,367.0,981.0,1840.0,614.0,859.0,1981,69015.0,1085.5172413793105
197,Kirkwood 12-6 Federal WBRRU,52850,220727.96551724145,2184.0,5135.0,7257.0,2951.0,2122.0,1994,63684.0,157043.96551724136
198,Kirkwood 13-15 Johnson,59069,125805.27586206853,1919.0,4053.0,6100.0,2134.0,2047.0,1993,125805.27586206853,0.0
199,Kirkwood 14-24 Federal WBRRU,40876,401996.0344827587,2148.0,3745.0,4355.0,1597.0,610.0,1989,125646.0,276350.0344827586
200,Kirkwood 14-31 Travers WBRRU,46182,628611.7241379311,3609.0,6423.0,7995.0,2814.0,1572.0,1996,145732.0,482879.72413793113
201,Kirkwood 21-23 Federal WBRRU,56041,203517.44827586177,3875.0,6636.0,9195.0,2761.0,2559.0,1999,36928.0,166589.44827586174
202,Kirkwood 34-25 Federal WBRRU,45327,363214.06896551716,2013.0,5055.0,7690.0,3042.0,2635.0,1992,112451.0,250763.06896551728
203,Kirkwood 43-23 Clarkson,41857,71574.0,136.0,315.0,659.0,179.0,344.0,1979,71574.0,0.0
204,Kirkwood 43-23B WBRRU,74919,670999.5862068963,3144.0,4351.0,6112.0,1207.0,1761.0,1994,61979.0,609020.5862068963
205,Koch  12-13 Graves,52373,132753.20689655162,3232.0,5655.0,7660.0,2423.0,2005.0,1995,132753.20689655162,0.0
206,Koch  12-18 Graves BRRU,46724,599748.551724138,4673.0,6966.0,8738.0,2293.0,1772.0,1997,25635.068965517246,574113.4827586208
207,Koch  12-34 SBRRU,87582,628121.1379310351,3729.0,5792.0,8358.0,2063.0,2566.0,2001,0.0,628121.1379310351
208,Koch  12-36 State WBRRU,51051,24716.000000000004,534.0,1040.0,1953.0,506.0,913.0,1981,21886.379310344822,2829.620689655172
209,Koch 11-16A State,85493,173285.75862068965,1435.0,3617.0,7058.0,2182.0,3441.0,1994,173285.75862068965,0.0
210,Koch 11-4 State Federal SBRRU,51334,198166.17241379287,2727.0,3968.0,5729.0,1241.0,1761.0,1989,35429.724137931036,162736.44827586185
211,Koch 11-8 Gardner Niemi SBRRU,50776,7404.172413793097,242.0,505.0,912.0,263.0,407.0,1980,7208.241379310338,195.9310344827586
212,Koch 12-12 Seppala SBRRU,37345,373896.9310344828,3116.0,3774.0,4268.0,658.0,494.0,1988,69436.65517241383,304460.2758620689
213,Koch 12-13 Seppala SBRRU,37147,26058.689655172402,365.0,995.0,1630.0,630.0,635.0,1980,24307.689655172406,1751.0000000000002
215,Koch 12-18 Seppala SBRRU,42151,13753.793103448277,113.0,365.0,673.0,252.0,308.0,1979,13147.689655172415,606.103448275862
216,Koch 12-2 Haivala Federal SBRRU,37068,122145.17241379309,892.0,3206.0,4027.0,2314.0,821.0,1986,47598.58620689655,74546.58620689657
217,Koch 12-21 BRRU,64414,733704.7931034482,3765.0,6176.0,7648.0,2411.0,1472.0,1998,0.0,733704.7931034482
218,Koch 12-29 SBRRU,85932,629648.2758620689,1976.0,3571.0,5560.0,1595.0,1989.0,1994,0.0,629648.2758620689
219,Koch 12-3 State SBRRU,33066,25625.172413793112,184.0,449.0,1044.0,265.0,595.0,1978,25571.310344827594,53.86206896551724
220,Koch 12-30 SBRRU,97641,411284.62068965525,3600.0,6209.0,8268.0,2609.0,2059.0,2006,0.0,411284.62068965525
221,Koch 12-35 SBRRU,91016,1057198.6206896552,3610.0,5085.0,6422.0,1475.0,1337.0,1999,0.0,1057198.6206896552
223,Koch 12-9 BRRU,57804,638825.206896552,3624.0,5694.0,7295.0,2070.0,1601.0,1996,0.0,638825.206896552
224,Koch 14-1 Haivala Seppala SBRRU,38296,697846.3793103448,4069.0,6541.0,8405.0,2472.0,1864.0,1996,76839.17241379307,621007.2068965517
225,Koch 14-12 Seppala SBRRU,34944,480228.5172413793,4657.0,6986.0,8832.0,2329.0,1846.0,1996,50003.344827586196,430225.17241379316
226,Koch 14-17 BRRU,58558,969682.1724137948,1506.0,4122.0,5414.0,2616.0,1292.0,1992,0.0,969682.1724137948
227,Koch 14-18 BRRU,73059,186803.0689655173,1383.0,2303.0,3395.0,920.0,1092.0,1989,0.0,186803.0689655173
228,Koch 14-21 BRRU,65849,417750.10344827594,2149.0,4149.0,4817.0,2000.0,668.0,1993,0.0,417750.10344827594
229,Koch 14-26 SBRRU,97065,410590.1724137933,2262.0,3752.0,4967.0,1490.0,1215.0,1998,0.0,410590.1724137933
230,Koch 14-29 SBRRU,87133,319875.9310344829,1308.0,2727.0,3934.0,1419.0,1207.0,1992,0.0,319875.9310344829
231,Koch 14-2A Tilus SBRRU,31037,886118.689655172,5456.0,8241.0,10492.0,2785.0,2251.0,1999,60736.448275862065,825382.2413793101
232,Koch 14-30 SBRRU,98329,803282.6896551723,3380.0,5373.0,6752.0,1993.0,1379.0,2004,0.0,803282.6896551723
233,Koch 14-34 SBRRU,32104,873008.4482758619,4822.0,6060.0,7260.0,1238.0,1200.0,1994,48513.034482758594,824495.4137931032
234,Koch 14-35 SBRRU,89525,786717.6206896547,2332.0,3920.0,5313.0,1588.0,1393.0,1996,0.0,786717.6206896547
235,Koch 14-3E SBRRU,34395,517415.1379310348,3738.0,5798.0,8123.0,2060.0,2325.0,1995,30003.793103448275,487411.34482758644
236,Koch 14-7 Seppala SBRRU,41474,353455.20689655165,3791.0,6127.0,8134.0,2336.0,2007.0,1995,43581.34482758621,309873.8620689656
239,Koch 21-33E Haivala Travers SBRRU,34568,30378.103448275848,344.0,888.0,1528.0,544.0,640.0,1979,25895.275862068953,4482.827586206897
241,Koch 23-25 WBRRU,101404,326152.1034482757,706.0,1760.0,3698.0,1054.0,1938.0,1996,0.0,326152.1034482757
242,Koch 24-13 Thune,85050,3227.0,116.0,231.0,358.0,115.0,127.0,1985,3227.0,0.0
243,Koch 24-4 Federal SBRRU,47665,234047.89655172423,2595.0,5356.0,7446.0,2761.0,2090.0,1993,46707.34482758618,187340.55172413797
244,Koch 31-15 SBRRU,82008,439819.4482758617,3315.0,5399.0,6901.0,2084.0,1502.0,1998,0.0,439819.4482758617
245,Koch 31-18 Piekkola,89255,5709.758620689655,87.0,193.0,314.0,106.0,121.0,1985,5709.758620689655,0.0
246,Koch 32-1 Smolniker WBRRU,100220,6081.862068965516,182.0,455.0,757.0,273.0,302.0,1990,4857.0,1224.8620689655172
247,Koch 32-12A SBRRU,101660,437591.6206896553,1545.0,2677.0,3495.0,1132.0,818.0,2000,0.0,437591.6206896553
248,Koch 32-12A Seppala,39861,215453.3448275863,1532.0,3678.0,4556.0,2146.0,878.0,1987,63804.03448275862,151649.31034482762
249,Koch 32-13 Seppala SBRRU,37778,404256.65517241403,4858.0,6358.0,7536.0,1500.0,1178.0,1995,21503.20689655172,382753.448275862
250,Koch 32-14E Tilus Seppala SBRRU,36744,340171.2413793103,5013.0,6704.0,8173.0,1691.0,1469.0,1998,36059.206896551725,304112.03448275855
251,Koch 32-16 State SBRRU,66264,221802.03448275858,2879.0,5604.0,8510.0,2725.0,2906.0,1997,12597.0,209205.0344827586
252,Koch 32-17 BRRU,56808,695342.0344827586,2408.0,4411.0,5396.0,2003.0,985.0,1992,0.0,695342.0344827586
253,Koch 32-17R Graves,19167,194488.13793103455,717.0,1935.0,3436.0,1218.0,1501.0,1965,194488.13793103455,0.0
254,Koch 32-18 BRRU,72385,25236.758620689652,328.0,707.0,933.0,379.0,226.0,1984,0.0,25236.758620689652
255,Koch 32-19 BRRU,73655,25408.86206896552,289.0,570.0,809.0,281.0,239.0,1984,0.0,25408.86206896552
256,Koch 32-20 BRRU,63869,1371740.5172413788,3047.0,4856.0,6831.0,1809.0,1975.0,1995,0.0,1371740.5172413788
258,Koch 32-21 BRRU,63511,1685.0,44.0,228.0,347.0,184.0,119.0,1981,0.0,1685.0
259,Koch 32-25 WBRRU,100394,510317.51724137913,971.0,2841.0,4435.0,1870.0,1594.0,1997,0.0,510317.51724137913
260,Koch 32-29 SBRRU,88015,1034259.6896551725,3553.0,5498.0,7540.0,1945.0,2042.0,2001,0.0,1034259.6896551725
261,Koch 32-2E Haivala,39123,39689.862068965514,397.0,907.0,1570.0,510.0,663.0,1980,33430.517241379304,6259.344827586208
262,Koch 32-3 SBRRU,33782,826839.5517241377,4564.0,6138.0,7827.0,1574.0,1689.0,1994,45616.48275862072,781223.0689655173
263,Koch 32-30 SBRRU,96665,492263.48275862064,1716.0,3280.0,4886.0,1564.0,1606.0,1997,0.0,492263.48275862064
264,Koch 32-34 SBRRU,92016,763753.689655172,3609.0,5025.0,6391.0,1416.0,1366.0,1999,0.0,763753.689655172
265,Koch 32-35 SBRRU,97659,25924.275862068967,109.0,227.0,380.0,118.0,153.0,1989,0.0,25924.275862068967
266,Koch 32-36 State WBRRU,47748,43225.31034482758,169.0,584.0,1176.0,415.0,592.0,1980,43225.31034482758,0.0
267,Koch 32-36A WBRRU,98652,364066.96551724145,2378.0,3842.0,5024.0,1464.0,1182.0,1999,0.0,364066.96551724145
268,Koch 32-6 WBRRU,75279,105398.93103448275,365.0,1764.0,3709.0,1399.0,1945.0,1987,53288.0,52110.93103448275
269,Koch 32-7 BRRU,74183,121120.24137931035,2474.0,4155.0,5416.0,1681.0,1261.0,1994,0.0,121120.24137931035
270,Koch 32-9 State Federal SBRRU,64940,371483.8620689654,5282.0,7052.0,7836.0,1770.0,784.0,2000,15453.0,356030.8620689654
271,Koch 33-12 SBRRU,91662,327354.5517241383,3394.0,5398.0,7152.0,2004.0,1754.0,2000,0.0,327354.5517241383
273,Koch 33-3 SBRRU,97864,460074.10344827594,1240.0,2831.0,4362.0,1591.0,1531.0,1996,0.0,460074.10344827594
274,Koch 33-6 WBRRU,79975,196098.275862069,4515.0,6218.0,6926.0,1703.0,708.0,2000,23148.0,172950.27586206901
276,Koch 34-1 Hansen State,83857,124668.0,1748.0,3884.0,6516.0,2136.0,2632.0,1994,124668.0,0.0
277,Koch 34-1 SBRRU,82450,552103.2068965521,2026.0,4142.0,5902.0,2116.0,1760.0,1995,0.0,552103.2068965521
278,Koch 34-10 Njos Federal,85602,32158.0,576.0,1400.0,2056.0,824.0,656.0,1988,32158.0,0.0
280,Koch 34-16 State,88442,197180.89655172414,1693.0,4028.0,7016.0,2335.0,2988.0,1996,197180.89655172414,0.0
281,Koch 34-19 BRRU,73440,620608.4482758618,3299.0,5177.0,7042.0,1878.0,1865.0,1996,0.0,620608.4482758618
282,Koch 34-20 BRRU,65596,1276581.1379310347,3492.0,5665.0,7453.0,2173.0,1788.0,1998,0.0,1276581.1379310347
283,Koch 34-21 BRRU,67191,777385.5517241381,2876.0,5561.0,7314.0,2685.0,1753.0,1997,0.0,777385.5517241381
284,Koch 34-24 Graves Federal,101068,204672.5172413792,1699.0,3324.0,4568.0,1625.0,1244.0,1999,204672.5172413792,0.0
285,Koch 34-26 Federal SBRRU,100005,251541.06896551728,1784.0,3209.0,4560.0,1425.0,1351.0,1998,0.0,251541.06896551728
286,Koch 34-27 SBRRU,93245,858840.7931034478,3465.0,4982.0,6197.0,1517.0,1215.0,2000,0.0,858840.7931034478
287,Koch 34-28 Johnson State SBRRU,38877,1103875.5517241387,5732.0,7284.0,8710.0,1552.0,1426.0,1998,40704.034482758616,1063171.5172413795
289,Koch 34-30 SBRRU,98447,7883.310344827585,120.0,270.0,453.0,150.0,183.0,1989,0.0,7883.310344827585
290,Koch 34-33 Haivala SBRRU,36381,27293.758620689663,283.0,768.0,1548.0,485.0,780.0,1979,23606.000000000007,3687.758620689655
291,Koch 34-34 SBRRU,86120,4394.931034482758,87.0,207.0,327.0,120.0,120.0,1985,0.0,4394.931034482758
292,Koch 34-35 SBRRU,100681,553347.7241379308,1349.0,2700.0,4031.0,1351.0,1331.0,1997,0.0,553347.7241379308
293,Koch 34-36 State WBRRU,49204,429423.62068965513,3224.0,6349.0,8224.0,3125.0,1875.0,1996,106331.86206896557,323091.75862068974
294,Koch 34-7 BRRU,72685,461095.172413793,3405.0,5413.0,6901.0,2008.0,1488.0,1997,0.0,461095.172413793
295,Koch 34-8 BRRU,56373,758949.0344827587,3677.0,5815.0,7597.0,2138.0,1782.0,1997,0.0,758949.0344827587
296,Koch 42-26 Clarkson Federal WBRRU,76038,228300.6551724137,2516.0,3586.0,5801.0,1070.0,2215.0,1993,22070.0,206230.65517241356
297,Koch 43-29 Brown,80489,100995.0,382.0,1007.0,1738.0,625.0,731.0,1986,100995.0,0.0
298,Koch 43-3 Njos,85662,20369.0,197.0,439.0,818.0,242.0,379.0,1986,20369.0,0.0
299,Koch 44-5 Federal SBRRU,45603,36782.551724137935,304.0,761.0,1421.0,457.0,660.0,1980,30052.137931034475,6730.4137931034475
300,Laurel Foust F-4H,114999,161153.44827586212,881.0,2443.0,3268.0,1562.0,825.0,2014,57996.03448275863,103157.41379310346
301,Lennerville 41-12H,123451,74024.0,213.0,579.0,1443.0,366.0,864.0,2014,74024.0,0.0
302,Lennerville 44-12H,122367,151608.0,331.0,764.0,1736.0,433.0,972.0,2013,151608.0,0.0
303,Luff 1 Downing,106227,307040.8620689657,1753.0,3503.0,4973.0,1750.0,1470.0,2010,55856.655172413804,251184.20689655177
304,Luff 1-15 Sawmill Canyon,73714,34388.96551724137,154.0,461.0,931.0,307.0,470.0,1983,34388.96551724137,0.0
305,Luff 1-19 Dworshak,32415,209873.48275862067,279.0,1156.0,3388.0,877.0,2232.0,1980,209873.48275862067,0.0
306,Luff 1-19 Njos,58267,169147.17241379313,1327.0,3082.0,5622.0,1755.0,2540.0,1989,169147.17241379313,0.0
307,Luff 1-24 Knaus,51653,155711.86206896475,1339.0,3251.0,5641.0,1912.0,2390.0,1988,155711.86206896475,0.0
308,Luff 1-27 Miller,30445,223505.13793103446,540.0,1612.0,2796.0,1072.0,1184.0,2007,155428.24137931038,68076.8965517241
309,Luff 1-30 Dworshak,39492,183921.0344827586,1059.0,2695.0,4735.0,1636.0,2040.0,1985,183921.0344827586,0.0
310,Luff 1-30 Janvrin,64570,34033.24137931036,625.0,1295.0,2023.0,670.0,728.0,1984,34033.24137931036,0.0
311,Luff 1-30H Dworshak,39683,179614.89655172423,365.0,1139.0,2572.0,774.0,1433.0,2005,36698.10344827586,142916.7931034482
312,Luff 1-32 Janvrin,52031,106371.89655172375,747.0,1821.0,3591.0,1074.0,1770.0,1984,106371.89655172375,0.0
313,Luff 1-32H Swanson,40676,60958.793103448246,121.0,241.0,424.0,120.0,183.0,2003,35529.89655172413,25428.896551724138
314,Luff 1-34 Stearns,53606,47909.86206896549,518.0,914.0,1461.0,396.0,547.0,1982,47909.86206896549,0.0
315,Luff 1-6 Travers,28215,556027.413793104,461.0,2792.0,8740.0,2331.0,5948.0,1982,485370.17241379386,70657.24137931032
316,Luff 33-20 Ferkingstad,26606,921298.5172413788,1269.0,2744.0,3757.0,1475.0,1013.0,2011,270632.1034482759,650666.4137931031
317,Luff 41-22 Otterness,26034,325306.5517241379,846.0,3101.0,9500.0,2255.0,6399.0,1982,325306.5517241379,0.0
318,Luff A-19 Stearns,80266,38875.99999999999,520.0,1323.0,2468.0,803.0,1145.0,1986,38875.99999999999,0.0
319,Luff B-29 Sohio State,76566,306154.1034482756,1920.0,5792.0,7735.0,3872.0,1943.0,1998,155237.93103448264,150916.17241379316
320,Luff F-20 Stearns,83437,467738.55172413803,1933.0,5781.0,7245.0,3848.0,1464.0,1999,227912.9999999999,239825.55172413806
321,Luff I-18 Stearns,86947,124626.27586206862,812.0,2015.0,3656.0,1203.0,1641.0,1990,117086.24137931004,7540.0344827586205
324,Luff K-5H Travers,109711,414779.3448275859,742.0,2137.0,4304.0,1395.0,2167.0,2006,306077.068965517,108702.27586206899
325,Luff M-17 Stearns,84976,548463.0344827585,3893.0,6905.0,8164.0,3012.0,1259.0,2003,171992.51724137933,376470.5172413794
327,Luff M-21 Stearns,88470,8047.241379310345,124.0,245.0,367.0,121.0,122.0,1985,8047.241379310345,0.0
328,Luff M-21H Stearns,88496,9875.137931034484,155.0,276.0,399.0,121.0,123.0,2002,0.0,9875.137931034484
329,Luff O-20 Stearns,75687,338081.93103448267,2847.0,6560.0,7857.0,3713.0,1297.0,2000,142192.58620689623,195889.34482758606
330,Luff-Hanover 1-11 Feist,41818,75171.03448275849,431.0,1300.0,2714.0,869.0,1414.0,1981,75171.03448275849,0.0
331,Luff-Hanover 1-27 Miller,30292,95401.48275862049,985.0,2905.0,5401.0,1920.0,2496.0,1983,95401.48275862049,0.0
332,Luff-Hanover 1-32 Swanson,40626,88104.10344827574,461.0,2136.0,4298.0,1675.0,2162.0,1984,88104.10344827574,0.0
333,Luff-Hanover 1-34 Foust,43378,76155.41379310342,133.0,538.0,1280.0,405.0,742.0,1979,76155.41379310342,0.0
334,Luff-Hanover 1-5 Janvrin,30507,32714.482758620685,183.0,435.0,717.0,252.0,282.0,1976,32714.482758620685,0.0
335,Luff-Hanover 1-7A Travers,28786,811674.482758616,742.0,2410.0,6266.0,1668.0,3856.0,1980,770792.586206893,40881.89655172415
336,McCutchin 1-10 State,72132,13211.896551724134,305.0,761.0,1520.0,456.0,759.0,1983,13211.896551724134,0.0
338,McCutchin 1-16 Forest State,50312,122146.20689655164,659.0,1738.0,3950.0,1079.0,2212.0,1984,122146.20689655164,0.0
339,McCutchin 1-16 Placid State,27014,47567.2413793104,1062.0,2884.0,5948.0,1822.0,3064.0,1989,47567.2413793104,0.0
340,McCutchin 1-17 Heikkila,43219,229273.62068965504,690.0,2488.0,5305.0,1798.0,2817.0,1986,229273.62068965504,0.0
342,McCutchin 1-18 Heikkila,47327,148133.44827586197,568.0,1615.0,4287.0,1047.0,2672.0,1983,148133.44827586197,0.0
344,McCutchin 1-19 Olsen,49808,48120.17241379312,890.0,2308.0,4661.0,1418.0,2353.0,1986,48120.17241379312,0.0
345,McCutchin 1-21 Heikkila,48801,218002.75862068983,659.0,2546.0,5880.0,1887.0,3334.0,1986,218002.75862068983,0.0
346,McCutchin 1-28 Federal,99234,7718.44827586207,151.0,362.0,612.0,211.0,250.0,1989,7718.44827586207,0.0
347,McCutchin 1-28 Heikkila,50670,20405.862068965496,569.0,816.0,1211.0,247.0,395.0,1982,20405.862068965496,0.0
348,McCutchin 1-31 Harrison State,54070,125016.55172413807,536.0,1680.0,3409.0,1144.0,1729.0,1985,125016.55172413807,0.0
349,McCutchin 1-5 Harrison State,43940,134045.3448275862,480.0,1285.0,3330.0,805.0,2045.0,1983,134045.3448275862,0.0
350,McCutchin 1-8 State,44437,164492.06896551728,951.0,2577.0,5038.0,1626.0,2461.0,1987,164492.06896551728,0.0
351,McCutchin 1-9 Harrison State,54170,3953.103448275863,125.0,307.0,564.0,182.0,257.0,1981,3953.103448275863,0.0
352,McCutchin 2-15 Fox,69379,9789.48275862069,456.0,912.0,1824.0,456.0,912.0,1984,9789.48275862069,0.0
353,McCutchin 2-16 Federal,71927,26986.206896551717,331.0,1022.0,1957.0,691.0,935.0,1984,26986.206896551717,0.0
354,McCutchin 2-16 Harrison State,53465,23876.206896551696,738.0,1649.0,3587.0,911.0,1938.0,1986,23876.206896551696,0.0
355,McCutchin 2-17 Heikkila,68254,109832.4137931035,1441.0,2796.0,5228.0,1355.0,2432.0,1989,109832.4137931035,0.0
356,McCutchin 2-18 Olson,68726,87198.4482758621,1418.0,2975.0,5654.0,1557.0,2679.0,1992,87198.4482758621,0.0
357,McCutchin 2-19 Heikkila-Carver,70723,97750.86206896555,1320.0,2797.0,5237.0,1477.0,2440.0,1990,97750.86206896555,0.0
358,McCutchin 2-21 Federal,71669,172824.1379310344,1593.0,3804.0,6614.0,2211.0,2810.0,1993,172824.1379310344,0.0
359,McCutchin 2-32 State,69751,11549.137931034484,172.0,445.0,954.0,273.0,509.0,1983,11549.137931034484,0.0
360,McCutchin 2-5 State,70250,122500.1724137931,1420.0,3110.0,5436.0,1690.0,2326.0,1991,122500.1724137931,0.0
361,McCutchin 2-6 State,67781,61259.82758620683,1203.0,2228.0,4124.0,1025.0,1896.0,1988,61259.82758620683,0.0
362,McCutchin 2-8 Heikkila,71196,69247.06896551726,1258.0,2947.0,4961.0,1689.0,2014.0,1990,69247.06896551726,0.0
363,McCutchin 3-16 State,93506,998.448275862069,315.0,527.0,820.0,212.0,293.0,1989,998.448275862069,0.0
364,McCutchin 4-16 State,93806,1787.5862068965514,302.0,638.0,1001.0,336.0,363.0,1988,1787.5862068965514,0.0
365,McCutchin1-27 Federal,98869,4697.068965517241,120.0,271.0,521.0,151.0,250.0,1989,4697.068965517241,0.0
366,Meridian 14-15H State,105931,220048.0,1476.0,3449.0,5389.0,1973.0,1940.0,2005,220048.0,0.0
367,Meridian 33-32 Federal,10690,18542.931034482757,176.0,479.0,988.0,303.0,509.0,1988,18542.931034482757,0.0
370,Mid America 1-17 State,17878,552234.8965517239,6008.0,7225.0,9223.0,1217.0,1998.0,1985,111843.86206896543,440391.0344827585
371,Mid America 2-16 State BRRU,18937,90666.93103448277,639.0,1775.0,3815.0,1136.0,2040.0,1964,90666.93103448277,0.0
372,Mid America 3-16 State BRRU,16231,1517661.655172414,12456.0,17755.0,19665.0,5299.0,1910.0,2009,133920.620689655,1383741.0344827583
374,Miller C-28H,116828,185456.51724137933,822.0,1766.0,2705.0,944.0,939.0,2013,36758.03448275862,148698.48275862078
375,Miller M-33H,116863,10538.620689655172,92.0,183.0,315.0,91.0,132.0,2008,0.0,10538.620689655172
376,Miller O-28H,118694,185790.86206896548,800.0,2666.0,3581.0,1866.0,915.0,2016,31429.275862068967,154361.58620689652
377,Miller Ranch F-4H,115922,284867.03448275855,621.0,2006.0,3336.0,1385.0,1330.0,2013,82479.10344827584,202387.9310344827
378,Mitchell 31-16H,124657,86892.0,422.0,951.0,1691.0,529.0,740.0,2016,86892.0,0.0
379,Mosbacher 26-1 Clarkson WBBRRU,58671,40753.0,408.0,967.0,1625.0,559.0,658.0,1983,38588.0,2165.0
380,Mosbacher Pruet 27-1 Clarkson,57262,308991.96551723994,1988.0,4982.0,8097.0,2994.0,3115.0,1994,87182.0,221809.9655172407
381,Murfin 1-1-17 State,62452,37703.44827586207,241.0,483.0,759.0,242.0,276.0,1995,37703.44827586207,0.0
382,NBRRU J-19H,125491,162553.10344827586,959.0,1580.0,2037.0,621.0,457.0,2019,0.0,162553.10344827586
383,Nearburg 2-20 Heikkila,95200,159197.41379310357,1213.0,2360.0,4219.0,1147.0,1859.0,1995,159197.41379310357,0.0
384,Nearburg 2-7 Davis,94797,125971.55172413788,1474.0,2981.0,5490.0,1507.0,2509.0,1996,125971.55172413788,0.0
385,Nearburg 3-17 Heikkila,94394,112201.37931034484,1273.0,2599.0,4764.0,1326.0,2165.0,1995,112201.37931034484,0.0
386,Nearburg 4-18 Heikkila,95603,95011.2068965517,1356.0,2746.0,5327.0,1390.0,2581.0,1996,95011.2068965517,0.0
387,Nelson Butte E-14H,125642,34585.793103448275,113.0,356.0,594.0,243.0,238.0,2019,0.0,34585.793103448275
388,Njos J-19H,113234,390987.9999999998,2082.0,2727.0,3352.0,645.0,625.0,2013,31191.172413793098,359796.8275862068
390,Ozark 1 Coffing,1377,67474.67,384.0,1728.0,4120.0,1344.0,2392.0,1968,67474.67,0.0
391,Ozark 2 Coffing,687,46852.530000000006,725.0,2772.0,4442.0,2047.0,1670.0,1984,46852.530000000006,0.0
393,PCRRU A-27H,122254,82150.24137931033,131.0,406.0,830.0,275.0,424.0,2012,0.0,82150.24137931033
396,PCRRU N-21H,119759,72231.10344827587,112.0,200.0,320.0,88.0,120.0,2010,0.0,72231.10344827587
397,PCRRU Y-27H,124300,153079.58620689655,369.0,1215.0,1914.0,846.0,699.0,2016,0.0,153079.58620689655
398,PCRRU Z-27H,124209,132880.41379310348,563.0,1229.0,1683.0,666.0,454.0,2017,0.0,132880.41379310348
400,PM Petroleum 3-16 State,5024,181163.5172413791,648.0,1746.0,3774.0,1098.0,2028.0,1984,127201.72413793101,53961.79310344827
401,PM Petroleum 4-16 State,4566,52777.0,60.0,143.0,251.0,83.0,108.0,1979,52777.0,0.0
402,PM Petroleum 5-16 Stagecoach State,5282,144864.65517241365,1033.0,2467.0,4091.0,1434.0,1624.0,1987,91416.82758620693,53447.827586206935
403,PM Petroleum 8-17 Stagecoach Federal,5892,20399.0,49.0,83.0,360.0,34.0,277.0,1980,20399.0,0.0
405,Patrick 1-25 State,66848,18252.24137931033,707.0,3344.0,7439.0,2637.0,4095.0,1993,18252.24137931033,0.0
406,Pawnee 1P Joyce Miller,99738,92194.0,1197.0,2597.0,3805.0,1400.0,1208.0,1996,91758.0,436.0
407,Pennzoil 12-17 BRRU,19686,855018.2068965517,7446.0,10126.0,12025.0,2680.0,1899.0,1995,74567.96551724144,780450.2413793103
408,Pennzoil 12-8 Graves,24892,93006.96551724129,1092.0,2584.0,4593.0,1492.0,2009.0,1976,62701.75862068967,30305.206896551717
409,Pennzoil 14-11A Tilus SBRRU,24438,498493.3448275857,7068.0,10534.0,12489.0,3466.0,1955.0,1995,116897.93103448268,381595.41379310313
410,Pennzoil 32-10A Tilus SBRRU,23960,90821.10344827588,780.0,2421.0,3915.0,1641.0,1494.0,1972,89701.62068965519,1119.4827586206895
411,Peterson 10-5,118424,23681.89655172415,237.0,450.0,754.0,213.0,304.0,2009,23681.89655172415,0.0
412,Peterson 6-5,115174,603.9655172413793,44.0,75.0,197.0,31.0,122.0,2008,603.9655172413793,0.0
413,Petroleum Inc. 1-F Arithson,40317,563253.275862069,594.0,1829.0,4081.0,1235.0,2252.0,1982,563253.275862069,0.0
414,Phillips 1 B Thomas WSW,25186,120750.0,640.0,1400.0,2284.0,760.0,884.0,1976,120750.0,0.0
415,Phillips 1 Thune,22446,567944.5862068962,2934.0,7614.0,14124.0,4680.0,6510.0,1987,417455.58620689635,150489.00000000003
416,Phillips 1 Thune A,27457,175354.2068965523,1734.0,3790.0,6838.0,2056.0,3048.0,1985,173551.7241379316,1802.4827586206898
417,Phillips 1-30 Thune B,77899,125750.00000000016,1619.0,5154.0,7453.0,3535.0,2299.0,1997,99829.10344827603,25920.896551724138
418,Phillips 1-R Thomas B,78322,132007.72413793093,1791.0,4607.0,6362.0,2816.0,1755.0,1996,128741.2413793102,3266.4827586206898
419,Phillips 2 Thune,22768,138544.0,605.0,1490.0,2888.0,885.0,1398.0,1968,138544.0,0.0
420,Phillips 3 Thune C,83990,42452.0,518.0,992.0,1489.0,474.0,497.0,1987,42452.0,0.0
421,Phillips 6-5 Thune Federal,36098,317073.1379310337,2445.0,5400.0,7290.0,2955.0,1890.0,1992,311936.96551724063,5136.172413793103
422,Phillips 8-6 Serles A,55551,188676.89655172412,4429.0,7521.0,10595.0,3092.0,3074.0,2001,109631.68965517239,79045.20689655171
423,Placid 10-3 Federal,9336,27402.89655172414,389.0,718.0,1087.0,329.0,369.0,1984,7616.6551724137935,19786.24137931035
425,Pronghorn 32P-29-20H,125172,44345.20689655174,340.0,752.0,1466.0,412.0,714.0,2016,44345.20689655174,0.0
426,Quadrant 33-28 Buckley,25454,120110.20689655172,899.0,2472.0,4252.0,1573.0,1780.0,1980,120110.20689655172,0.0
427,Questar 9-27,118274,57946.37931034483,200.0,474.0,839.0,274.0,365.0,2009,57946.37931034483,0.0
428,Quinn 44-36H,121848,158444.0,573.0,1174.0,2411.0,601.0,1237.0,2015,158444.0,0.0
429,Ranger 14-17 State,65905,2849.0,75.0,194.0,313.0,119.0,119.0,1982,2849.0,0.0
431,Roosevelt 6-21 Porter,11179,301040.5,1481.0,2673.0,4574.0,1192.0,1901.0,1995,301040.5,0.0
432,Roosevelt 8-20 Porter,11699,25709.0,280.0,494.0,853.0,214.0,359.0,1989,25709.0,0.0
433,SBRRU 12-11A,13363,728125.6896551723,1530.0,2361.0,3083.0,831.0,722.0,2015,0.0,728125.6896551723
434,SBRRU 12-29H,86089,469313.48275862064,755.0,1347.0,2060.0,592.0,713.0,2010,0.0,469313.48275862064
435,SBRRU 13-32H,123548,37343.96551724138,341.0,926.0,1592.0,585.0,666.0,2015,0.0,37343.96551724138
436,SBRRU 14-11A,24624,854628.1379310344,1206.0,2612.0,3673.0,1406.0,1061.0,2013,0.0,854628.1379310344
437,SBRRU 14-12,35111,625718.3103448276,1329.0,2200.0,3049.0,871.0,849.0,2013,0.0,625718.3103448276
438,SBRRU 14-1H,38468,930605.4137931038,1128.0,2091.0,3028.0,963.0,937.0,2012,0.0,930605.4137931038
439,SBRRU 14-26H,97253,984580.4137931034,1382.0,2494.0,3330.0,1112.0,836.0,2012,0.0,984580.4137931034
440,SBRRU 14-28,14361,1133685.7586206892,9908.0,12584.0,14612.0,2676.0,2028.0,1995,239088.17241379325,894597.5862068966
441,SBRRU 14-35H,89702,354875.79310344806,1051.0,1686.0,3051.0,635.0,1365.0,2011,0.0,354875.79310344806
442,SBRRU 14-7H,41641,218054.7586206896,1449.0,2684.0,3471.0,1235.0,787.0,2015,0.0,218054.7586206896
443,SBRRU 21-13H,121962,169602.62068965525,642.0,1289.0,2320.0,647.0,1031.0,2015,0.0,169602.62068965525
444,SBRRU 23-32H,123118,50928.51724137931,262.0,750.0,1525.0,488.0,775.0,2014,0.0,50928.51724137931
445,SBRRU 24-32H,122808,90532.13793103454,522.0,1042.0,1818.0,520.0,776.0,2015,0.0,90532.13793103454
446,SBRRU 31-15H,82173,370361.2068965517,1027.0,1529.0,2668.0,502.0,1139.0,2012,0.0,370361.2068965517
448,SBRRU 32-12A,101848,929830.2413793108,1289.0,2535.0,3393.0,1246.0,858.0,2012,0.0,929830.2413793108
449,SBRRU 32-13H,37944,386528.9310344827,1002.0,1829.0,3034.0,827.0,1205.0,2012,0.0,386528.9310344827
450,SBRRU 32-14E,36906,510560.8275862069,896.0,1889.0,2786.0,993.0,897.0,2012,0.0,510560.8275862069
452,SBRRU 32-16H-3,66430,82750.68965517243,857.0,2091.0,3050.0,1234.0,959.0,2015,0.0,82750.68965517243
453,SBRRU 32-30H,96854,968199.1724137933,1282.0,2590.0,3567.0,1308.0,977.0,2013,0.0,968199.1724137933
454,SBRRU 32-32H,123012,102597.17241379304,295.0,918.0,1720.0,623.0,802.0,2015,0.0,102597.17241379304
455,SBRRU 32-33A,31428,495664.9310344827,4469.0,5666.0,7033.0,1197.0,1367.0,1992,55107.24137931033,440557.6896551724
456,SBRRU 32-3H,33897,249438.03448275864,1331.0,2307.0,2733.0,976.0,426.0,2014,0.0,249438.03448275864
457,SBRRU 33-29H,124919,45106.51724137932,451.0,1167.0,1821.0,716.0,654.0,2017,0.0,45106.51724137932
458,SBRRU 33-3H,98048,735936.3793103453,1207.0,2395.0,3605.0,1188.0,1210.0,2012,0.0,735936.3793103453
459,SBRRU 34-11,32954,1199498.517241379,6581.0,9258.0,12040.0,2677.0,2782.0,2002,58032.6896551724,1141465.8275862078
460,SBRRU 34-1H,82615,311717.3793103447,1357.0,1898.0,2795.0,541.0,897.0,2013,0.0,311717.3793103447
461,SBRRU 34-26H,100183,782097.4827586205,1024.0,2046.0,2824.0,1022.0,778.0,2012,0.0,782097.4827586205
462,SBRRU 34-27H,93417,954507.8275862072,824.0,1935.0,2722.0,1111.0,787.0,2012,0.0,954507.8275862072
463,SBRRU 34-28H,39040,870071.1724137929,1071.0,1945.0,2717.0,874.0,772.0,2013,0.0,870071.1724137929
464,SBRRU 34-35H,100873,813632.8620689653,1349.0,2589.0,3563.0,1240.0,974.0,2012,0.0,813632.8620689653
466,SBRRU 42-12H,122835,88949.62068965516,243.0,386.0,538.0,143.0,152.0,2013,0.0,88949.62068965516
468,SBRRU 44-14RH,114838,105789.4482758621,1243.0,2162.0,2907.0,919.0,745.0,2014,0.0,105789.4482758621
469,SBRRU Travers 34-32,59099,4298.0,69.0,153.0,284.0,84.0,131.0,1981,4289.0,9.0
470,SBRRU24-36H,107786,2272066.3793103443,1897.0,3717.0,5776.0,1820.0,2059.0,2007,0.0,2272066.3793103443
471,SCI 11-7 Travers WBRRU,89977,96025.55172413815,2298.0,4478.0,6239.0,2180.0,1761.0,1998,22380.0,73645.55172413797
473,Sage 1 Downing,105980,53546.413793103464,226.0,559.0,983.0,333.0,424.0,1998,53546.413793103464,0.0
475,Sands 1-10 Heikkila,105222,34977.93103448276,730.0,1642.0,3042.0,912.0,1400.0,2000,34977.93103448276,0.0
476,Sands 1-14 Nelson Federal,108341,5650.517241379317,720.0,1816.0,2879.0,1096.0,1063.0,2002,5650.517241379317,0.0
477,Sands 1-15A Nelson,105561,55070.517241379355,851.0,1858.0,3439.0,1007.0,1581.0,2001,55070.517241379355,0.0
478,Sands 1-23 Federal,104322,20245.17241379312,969.0,2003.0,3678.0,1034.0,1675.0,2001,20245.17241379312,0.0
479,Sands 1-24 Federal,104619,33595.51724137929,1033.0,2068.0,3709.0,1035.0,1641.0,2001,33595.51724137929,0.0
480,Sands 1-25 Federal,113343,7447.758620689654,395.0,1004.0,1606.3,609.0,602.3,2009,7447.758620689654,0.0
481,Sands 1-27 Federal,99138,10113.10344827586,1005.0,2709.0,4595.0,1704.0,1886.0,2001,10113.10344827586,0.0
482,Sands 1-28 Federal,99503,13704.482758620701,1036.0,2374.0,4199.0,1338.0,1825.0,2000,13704.482758620701,0.0
483,Sands 2-10 Federal,108062,19648.10344827586,967.0,2153.0,3714.0,1186.0,1561.0,2003,19648.10344827586,0.0
484,Sands 2-14 Federal,108879,29683.448275862087,642.0,1676.0,3145.0,1034.0,1469.0,2003,29683.448275862087,0.0
485,Sands 2-15 Federal,111193,9604.482758620687,517.0,1185.0,2314.0,668.0,1129.0,2007,9604.482758620687,0.0
486,Sands 2-23 Federal,111391,8179.137931034482,423.0,972.0,1893.0,549.0,921.0,2006,8179.137931034482,0.0
487,Sands 2-24 Federal,111563,8286.034482758621,334.0,863.0,1636.0,529.0,773.0,2008,8286.034482758621,0.0
488,Schmidt 21-14H,124834,14273.0,152.0,274.0,476.0,122.0,202.0,2014,14273.0,0.0
489,Shell  12-11A Tilus SBRRU,13193,1211366.1724137934,9953.0,12826.0,14729.0,2873.0,1903.0,1996,242513.72413793113,968852.4482758619
490,Shell 12-20 State BRRU,15484,81020.0,1423.0,2209.0,2747.0,786.0,538.0,1988,0.0,81020.0
491,Shell 14-15 State BRRU,16391,76587.0,472.0,1504.0,2743.0,1032.0,1239.0,1964,76587.0,0.0
492,Shell 14-16 State BRRU,17300,744545.5517241373,8449.0,11393.0,13252.0,2944.0,1859.0,1992,116600.82758620688,627944.7241379308
493,Shell 14-17 State,16644,105899.1724137931,432.0,1476.0,2443.0,1044.0,967.0,1964,105899.1724137931,0.0
494,Shell 14-4 Clarkson State,23491,865003.4482758627,2585.0,9223.0,13100.0,6638.0,3877.0,1986,806984.4482758628,58018.999999999985
495,Shell 14-9 State BRRU,21134,776168.3103448269,9403.0,12193.0,14262.0,2790.0,2069.0,1995,100405.58620689649,675762.724137931
496,Shell 32-11A Seppala,12616,140863.7586206898,1389.0,3050.0,4959.0,1661.0,1909.0,1969,139438.89655172423,1424.8620689655172
497,Shell 32-16 State BRRU,18676,1609804.0344827606,11749.0,14686.0,17302.0,2937.0,2616.0,2000,127792.72413793104,1482011.3103448292
499,Shell 32-8 State BRRU,21717,101848.17241379307,841.0,2123.0,4764.0,1282.0,2641.0,1966,82750.82758620685,19097.344827586207
500,Shell 32-9 State BRRU,21342,3290.9310344827586,56.0,155.0,356.0,99.0,201.0,1977,2768.3103448275865,522.6206896551724
502,Shell 34-2A Haivala SBRRU,13647,61081.10344827585,1158.0,2264.0,3670.0,1106.0,1406.0,1971,60443.79310344826,637.3103448275862
503,Spyglass 16-24 Hett,115049,4045.3448275862074,142.0,262.0,475.0,120.0,213.0,2009,4045.3448275862074,0.0
504,Spyglass 4-35 State,114405,60944.13793103448,199.0,432.0,788.0,233.0,356.0,2009,60944.13793103448,0.0
506,Stafford 44-1H,124118,55460.0,273.0,772.0,1530.0,499.0,758.0,2015,55460.0,0.0
507,State 1-21,119797,15144.827586206899,123.0,304.0,457.0,181.0,153.0,2011,15144.827586206899,0.0
508,State 10-16,117417,55447.413793103464,169.0,404.0,707.0,235.0,303.0,2009,55447.413793103464,0.0
509,State 10-35,117567,8795.517241379312,146.0,291.0,505.0,145.0,214.0,2009,8795.517241379312,0.0
511,State 13-23,118712,1146.034482758621,30.0,61.0,214.0,31.0,153.0,2010,1146.034482758621,0.0
512,State 16-22,118862,9827.758620689654,133.0,286.0,498.0,153.0,212.0,2009,9827.758620689654,0.0
513,State 16-8,117269,15062.931034482755,146.0,352.0,624.0,206.0,272.0,2009,15062.931034482755,0.0
514,State 2-16,120426,12397.068965517243,183.0,365.0,579.0,182.0,214.0,2011,12397.068965517243,0.0
515,State 2-27,119630,5389.482758620689,183.0,275.0,456.0,92.0,181.0,2010,5389.482758620689,0.0
516,State 8-8,117719,42271.03448275864,205.0,449.0,783.0,244.0,334.0,2009,42271.03448275864,0.0
517,State Clarkson 14-4,23648,114448.4827586207,383.0,969.0,2020.0,586.0,1051.0,2013,0.0,114448.4827586207
518,State F-29H,116083,74458.79310344826,563.0,1493.0,2844.0,930.0,1351.0,2012,0.0,74458.79310344826
519,State H-25H,121162,69092.37931034483,577.0,899.0,2034.0,322.0,1135.0,2013,69092.37931034483,0.0
521,Stearns 1-19,125259,61361.999999999985,360.0,836.0,1418.0,476.0,582.0,2017,61361.999999999985,0.0
523,Stearns Brothers B-33H,124732,65564.31034482757,323.0,717.0,1303.0,394.0,586.0,2015,65564.31034482757,0.0
524,Stearns H-18H,112418,241398.96551724148,707.0,1574.0,2704.0,867.0,1130.0,2009,0.0,241398.96551724148
525,Stearns Ranch P-2H,124026,69298.65517241374,175.0,509.0,1325.0,334.0,816.0,2014,69298.65517241374,0.0
527,Swanson 1-32H,40699,73992.44827586207,119.0,269.0,453.0,150.0,184.0,2005,0.0,73992.44827586207
530,Table Mountain 1-7FH,108683,102487.0,1123.0,2585.0,4521.0,1462.0,1936.0,2006,102487.0,0.0
531,Tecton Cave Hills Cattle Co. 13-36H,119477,98740.0,495.0,1234.0,2152.0,739.0,918.0,2013,98740.0,0.0
533,Thune A-1,27647,266403.31034482765,911.0,1772.0,3412.0,861.0,1640.0,2010,0.0,266403.31034482765
534,Thune B 1-30,78056,227040.89655172414,429.0,1113.0,2533.0,684.0,1420.0,2011,0.0,227040.89655172414
535,Thune Federal 6-5,36288,528934.2068965517,1520.0,2517.0,3875.0,997.0,1358.0,2012,0.0,528934.2068965517
536,Total 1-6 McGuire,10775,14027.310344827587,96.0,230.0,460.0,134.0,230.0,1987,14027.310344827587,0.0
537,Total 1-9 Fuller Canyon Federal,84398,407502.86206896533,647.0,2774.0,4510.0,2127.0,1736.0,1992,407502.86206896533,0.0
538,Travers 1-34H,116410,105964.34482758616,121.0,1001.0,2321.0,880.0,1320.0,2010,96034.31034482757,9930.034482758618
539,Travers N-5H,111058,373004.82758620696,780.0,2523.0,5023.0,1743.0,2500.0,2008,228138.58620689655,144866.24137931032
541,Tuck 1 Holloway State,4086,2022.0,61.0,170.0,472.0,109.0,302.0,1978,2022.0,0.0
542,Tuck 1 Joe Little Skunk,3865,26962.0,203.0,647.0,1532.0,444.0,885.0,1977,26962.0,0.0
545,WBRRU 12-6H,53037,427331.068965517,1221.0,2286.0,3023.0,1065.0,737.0,2012,0.0,427331.068965517
546,WBRRU 14-31H,46374,899114.6206896559,1053.0,2347.0,3372.0,1294.0,1025.0,2011,0.0,899114.6206896559
547,WBRRU 23-32H,123224,27329.344827586207,262.0,750.0,1554.0,488.0,804.0,2014,0.0,27329.344827586207
548,WBRRU 31-25H,121739,338117.48275862087,581.0,1150.0,1802.0,569.0,652.0,2014,0.0,338117.48275862087
549,WBRRU 32-23H,15369,676335.2758620683,1132.0,2493.0,3451.0,1361.0,958.0,2012,0.0,676335.2758620683
550,WBRRU 32-36AH,98836,718433.5517241376,1341.0,2267.0,3142.0,926.0,875.0,2012,0.0,718433.5517241376
551,WBRRU 33-6H,80133,217526.58620689658,1460.0,1915.0,2796.0,455.0,881.0,2014,0.0,217526.58620689658
552,WBRRU 34-36H,49303,139218.55172413783,403.0,592.0,1699.0,189.0,1107.0,2009,0.0,139218.55172413783
553,WBRRU 42-26H,76201,511002.379310345,1298.0,2093.0,2832.0,795.0,739.0,2014,0.0,511002.379310345
554,WBRRU 43-23BH,75110,404999.89655172406,541.0,1199.0,1904.0,658.0,705.0,2008,0.0,404999.89655172406
555,WBRRU 43-31H,122073,555716.103448276,491.0,975.0,1583.0,484.0,608.0,2014,0.0,555716.103448276
556,WBRRU 44-31H,123645,26648.931034482757,341.0,897.0,1624.0,556.0,727.0,2015,0.0,26648.931034482757
557,WBRRU Federal 34-25H,45513,583604.1724137929,1037.0,2139.0,2899.0,1102.0,760.0,2012,0.0,583604.1724137929
558,Webb 22-9 Cenex Johnson,43481,40239.0,342.0,782.0,1621.0,440.0,839.0,1981,40239.0,0.0
559,Webb 26-5 Cenex Well,35740,207022.0,2114.0,4661.0,8443.0,2547.0,3782.0,1990,207022.0,0.0
560,Webb 36-10 Cenex State,40049,71561.0,331.0,842.0,1794.0,511.0,952.0,1982,71561.0,0.0
562,Webb 7-9 Cenex Turbiville,42673,219062.0,1313.0,3348.0,7022.0,2035.0,3674.0,1989,219062.0,0.0
566,Wulf 1 Federal,5656,158959.13793103438,367.0,1020.0,2123.0,653.0,1103.0,1983,158959.13793103438,0.0
567,Wulf 2 Federal,6395,65551.34482758626,448.0,1383.0,3881.0,935.0,2498.0,1984,65551.34482758626,0.0
568,Wyoming Resources 34-24 Travers,33419,437245.27586206945,1070.0,2484.0,4395.0,1414.0,1911.0,2000,427197.5862068968,10047.689655172413
